Electronic|TheBOXradio|https://usa16.fastcast4u.com/proxy/space2?mp=/1|#
Electronic|DJSessions|https://srv1.goodsoundstream.com/proxy/radio/stream|#
Electronic|DeepTechno|http://strm112.1.fm/deeptech_mobile_mp3|#
Electronic|181FM|https://listen.181fm.com/181-technoclub_128k.mp3|#
Electronic|SunshineLT|http://stream.sunshine-live.de/techno/mp3-128|#
Electronic|DanceWave|http://stream.dancewave.online:8080/dance.mp3|#
Electronic|DrumStep|http://drumstep-high.rautemusik.fm|#
Electronic|ClubHouse|https://sh.onweb.gr/9104/stream|#
Electronic|House|http://stream.truehouse.net:8000/house|#
Electronic|DeepHouse|http://185.33.21.112:80/deephouse_128|#
Electronic|Groove|http://stream.truehouse.net:8000/groove|#
Electronic|BassDrive|http://ice.bassdrive.net:80/stream|#
Electronic|Industrial|http://192.111.140.6:9772/stream|#
Electronic|GTC-DNB|https://s37.radiolize.com/radio/8030/radio.mp3|#
Electronic|Deep-EDM|http://kierancloud.com:813|#
Electronic|Xanadu|http://xanadu.sl-radio.online:8050|#
Electronic|EDMLive|http://8.43.48.6:8130/;?sid|#
Electronic|NAXIclubbing|http://naxidigital-clubbing128.streaming.rs:8090|#
Electronic|NAXIHouse|http://naxidigital-house128.streaming.rs:8000|#
Electronic|NAXIhype|http://naxidigital-hype128.streaming.rs:8270|#
Electronic|181Studio|http://listen.181fm.com/181-ball_128k.mp3|#
Electronic|EnationFM|http://useless.streams.enation.fm:8000|#
Electronic|ChillTrax|http://server1.chilltrax.com:9000/|#
Electronic|SunshineMelodic|http://stream.sunshine-live.de/melodic-techno/mp3-128|#
Electronic|ITurnRadio|http://iturn.nl/m128|#
Electronic|IntenseRadio|http://stream.intenseradio.net:8000/live|#
Electronic|RadiobestProg|http://stream.radiobest.eu:8000/128|#
Electronic|PurpleAcidHouse|http://87.117.228.59:8184|#
Electronic|HouseMusicUK|http://s6.voscast.com:8824/#
