Pop/Dance|TheBOXradio|https://usa16.fastcast4u.com/proxy/space2?mp=/1|#
Pop/Dance|181fm|http://listen.181fm.com:8128|#
Pop/Dance|MyHits|https://router.euddn.net/8103046e16b71d15d692b57c187875c7/myhits.mp3|#
Pop/Dance|SynthPop|http://abm22.com.au:8000/CONTAINER17|#
Pop/Dance|Siglo21FM|http://emisiones.com.uy:5105/siglo|#
Pop/Dance|Pulse|http://pulseedm.cdnstream1.com:8124/1373_128|#
Pop/Dance|HitParty|http://212.83.185.113:80/hitpartyHD.mp3|#
Pop/Dance|Studio181|https://listen.181fm.com/181-ball_128k.mp3|#
Pop/Dance|Energy93|http://listen.livestreamingservice.com:8044|#

