Unsorted|BritishInvasion|https://176.31.248.14:15574|#
Unsorted|Alternative|https://listen.radioking.com/radio/182263/stream/224140|#
Unsorted|TheBOXradio|https://usa16.fastcast4u.com/proxy/space2?mp=/1|#
Unsorted|idobi|https://idobianthm.idobi.com|#
Unsorted|Sl-XRadioZone|http://xradio.zone:9420|#
Unsorted|982live|http://172.93.237.106:8155/live|#
Unsorted|LoveSongs|http://go-stream.live:8899|#
Unsorted|80sLite RnB|https://listen.181fm.com/181-80sliternb_128k.mp3|#
Unsorted|80sCountry|https://listen.181fm.com/181-80scountry_128k.mp3|#
Unsorted|ClassicalMusic|https://listen.181fm.com/181-classical_128k.mp3|#
Unsorted|Classical|https://az1.mediacp.eu:8030/radio.mp3|#
Unsorted|Imoogi|http://streaming.live365.com/a88809|#
Unsorted|NPRNews|https://npr-ice.streamguys1.com/live.mp3|#
Unsorted|TheGlobalVoice|http://theglobalvoice.info:8000/backup|#
Unsorted|MarkMarvel|http://theglobalvoice.info:8000/broadband|#
Unsorted|TrueBlues|https://listen.181fm.com/181-blues_128k.mp3|#
Unsorted|70s80s90s|http://mp3uplink.duplexfx.com:8006|#
